a		EMPH	a	and	邪
ai	drink	锌懈褌褜	膩ni	cup	褔邪褕泻邪
aj	drink	胁褘锌懈褌褜	aj	drink	锌懈褌褜
ajt	drink	锌懈褌褜	aj	drink	锌懈褌褜
ake	grandfather	写械写	aki	uncle	写褟写褟
akw		袨写懈薪	akw	one	芯写懈薪
akw	night	薪芯褔褜	NONE		
akw		芯写懈薪谐	akw	one	芯写懈薪
akw	one	芯写薪邪	akw	one	芯写懈薪
akwa	one	芯写懈薪	akw	one	芯写懈薪
akwa	aunt	褌褢褌褟	膩kw	aunt	褌械褌褟
akwai桑		泻邪卸写芯谐芯	akwa桑	always	胁褋械谐写邪
akwat	together	胁屑械褋褌械	NONE		
ala	top	胁械褉褏	al	top	胁械褉褏
ala	surface	锌芯胁械褉褏薪芯褋褌褜	NONE		
ali	southern	褞卸薪褘泄	ali	southern	褞卸薪褘泄
ali蓵	kill	褍斜懈褌褜	NONE		
alm	lift	锌芯写薪褟褌褜	al	top	胁械褉褏
alma	lift	锌芯写薪褟褌褜	膩lmaj	lift	锌芯写薪懈屑邪褌褜
almpal	behind	蟹邪	NONE		
alp蓹l	morning	褍褌褉械薪薪懈泄	膩lp蓹l	in.the.morning	褍褌褉芯屑
alp蓹l	morning	褍褌褉芯	膩lp蓹l	in.the.morning	褍褌褉芯屑
am		2SG	NONE		
am		Q	NONE		
aman		Q	ampar	barn	邪屑斜邪褉
aml		ASP	NONE		
amman		Q	ampar	barn	邪屑斜邪褉
an'		小械泄褔邪褋	an'	now	褋械泄褔邪褋
an'	sister	褋械褋褌褉邪	NONE		
anja		袗薪褜褟	an'蓵ar	fang	泻谢褘泻
an蓹	cup	褔邪褕泻邪	膩ni	cup	褔邪褕泻邪
ap蓹桑	grandson	胁薪褍泻	api桑	grandson	胁薪褍泻
ap桑	grandson	胁薪褍泻	api桑	grandson	胁薪褍泻
ar	smooth	谐谢邪写泻懈泄	NONE		
art	way	褋锌芯褋芯斜	膩rt	way	褋锌芯褋芯斜
as	hole	芯褌胁械褉褋褌懈械	as	hole	写褘褉泻邪
ast	finish	泻芯薪褔懈褌褜	膩st	finish	蟹邪泻芯薪褔懈褌褜
at	gather	褋芯斜懈褉邪褌褜	at	gather	褋芯斜懈褉邪褌褜
at=	NEG	NEG	膩t'i	NEG.PRED	NEG.PRED
awi	door	写胁械褉褜	膩wi	door	写胁械褉褜
axtas	stone	泻邪屑械薪褜	膩xwtas	stone	泻邪屑械薪褜
a艐kal	trunk	褋褌胁芯谢	an'蓵ar	fang	泻谢褘泻
a艐kwal	stump	锌械薪褜	NONE		
a艐kwal	trunk	褋褌胁芯谢	NONE		
a艐kwal	pole	褋褌芯谢斜	膩艐kwal	pole	褋褌芯谢斜
a蓵	father	芯褌械褑	膩蓵	father	芯褌械褑
a桑i	girl	写械胁褍褕泻邪	膩桑i	daughter	写芯褔褜
a桑蓹	girl	写械胁褍褕泻邪	膩桑i	daughter	写芯褔褜
ekwa	wife	卸械薪邪	膿kwa	woman	卸械薪褖懈薪邪
ekwa	woman	卸械薪褖懈薪邪	膿kwa	woman	卸械薪褖懈薪邪
el	far	写邪谢械泻芯	膿li	front	锌械褉械写薪懈泄
ela	forward	胁锌械褉褢写	膿lal'	forward	胁锌械褉械写
ela	far	写邪谢械泻芯	膿lal'	forward	胁锌械褉械写
eli	far	写邪谢械泻芯	膿li	front	锌械褉械写薪懈泄
elm		EMPH	膿ln	ahead	胁锌械褉械写懈
elmxolas	person	褔械谢芯胁械泻	膿lmxolas	human	褔械谢芯胁械泻
elumxolas	person	褔械谢芯胁械泻	膿lmxolas	human	褔械谢芯胁械泻
ent	gird	芯锌芯褟褋邪褌褜	膿nt	gird	芯锌芯褟褋邪褌褜
ep	air	胁芯蟹写褍褏	NONE		
er	moment	屑芯屑械薪褌	膿rt	during	胁芯.胁褉械屑褟
er	is.needed	薪邪写芯	膿r	be.needed	薪褍卸薪芯
er	be.needed	薪邪写谢械卸邪褌褜	膿r	be.needed	薪褍卸薪芯
er	is.needed	薪邪写芯	膿r	be.needed	薪褍卸薪芯
er	need	薪褍卸写邪褌褜褋褟	膿r	be.needed	薪褍卸薪芯
ert	when	泻芯谐写邪	膿rt	during	胁芯.胁褉械屑褟
ert	moment	屑芯屑械薪褌	膿rt	during	胁芯.胁褉械屑褟
ert	time	褉邪蟹	膿rt	during	胁芯.胁褉械屑褟
ertal	unpleasant	薪械锌褉懈褟褌薪褘泄	NONE		
er蓹桑	song	锌械褋薪褟	膿ri桑	song	锌械褋薪褟
er桑	song	锌械褋薪褟	膿ri桑	song	锌械褋薪褟
er桑	sing	锌械褌褜	膿ri桑	song	锌械褋薪褟
ete	night	薪芯褔褜	膿t	night	薪芯褔褜
eti	at.night	薪芯褔褜褞	膿t	night	薪芯褔褜
eti	evening	胁械褔械褉	膿t	night	薪芯褔褜
eti	at.night	薪芯褔褜褞	膿t	night	薪芯褔褜
i		ADD	i	and	懈
is	land	锌褉懈蟹械屑谢懈褌褜褋褟	墨s	land	锌褉懈蟹械屑谢懈褌褜褋褟
iti	evening	胁械褔械褉	墨ti	at.night	薪芯褔褜褞
iti	evening	胁械褔械褉	墨ti	at.night	薪芯褔褜褞
i啪wer	animal	蟹胁械褉褜	i蓵w膿r	animal	蟹胁械褉褜
ja		EMPH	ja	well	薪褍
ja		PTCL	ja	well	薪褍
ja	isn't.it	卸械	ja	well	薪褍
jakt	divide	写械谢懈褌褜	jakt	cut	褉械蟹邪褌褜
jal	go	褋褏芯写懈褌褜	jal	go.get	褋褏芯写懈褌褜
jal	walk	褏芯写懈褌褜	jal	go.get	褋褏芯写懈褌褜
jal	step	褕邪谐邪褌褜	jal	go.get	褋褏芯写懈褌褜
jala	ride	械蟹写懈褌褜	jal	go.get	褋褏芯写懈褌褜
jalp	holy	褋胁褟褌芯泄	jalp蓹艐	holy	褋胁褟褌芯泄
jalp	sacred	褋胁褟褖械薪薪褘泄	jalp蓹艐	holy	褋胁褟褌芯泄
jalp蓹艐	holy	褋胁褟褌芯泄	jalp蓹艐	holy	褋胁褟褌芯泄
jalp蓹艐	sacred	褋胁褟褖械薪薪褘泄	jalp蓹艐	holy	褋胁褟褌芯泄
jan	big	斜芯谢褜褕芯泄	jani桑	big	斜芯谢褜褕芯泄
jan	big	斜芯谢褜褕芯泄	jani桑	big	斜芯谢褜褕芯泄
jan	river	褉械泻邪	j膩	river	褉械泻邪
jani桑		袘芯谢褜褕芯泄	jani桑	big	斜芯谢褜褕芯泄
jani桑	big	斜芯谢褜褕芯泄	jani桑	big	斜芯谢褜褕芯泄
jani桑	big	斜芯谢褜褕芯泄	jani桑	big	斜芯谢褜褕芯泄
jani桑	big	斜芯谢褜褕芯泄	jani桑	big	斜芯谢褜褕芯泄
jan蓹桑	big	斜芯谢褜褕芯泄	jani桑	big	斜芯谢褜褕芯泄
jan桑	big	斜芯谢褜褕芯泄	jani桑	big	斜芯谢褜褕芯泄
jarum	trouble	斜械写邪	j膩rum	trouble	斜械写邪
jat	middle	褋械褉械写懈薪邪	NONE		
ja艐k	white	斜械谢褘泄	j膩艐k	white	斜械谢褘泄
ja艐k		斜械谢褘泄/谢褢写	NONE		
ja桑a桑i	sister	褋械褋褌褉邪	NONE		
ja桑pi桑	brother	斜褉邪褌	NONE		
ja桑膩桑i	sister	褋械褋褌褉邪	NONE		
jemt	happen	褋谢褍褔邪褌褜褋褟	j膿mt	become	褋褌邪褌褜
jemt	become	褋褌邪褌褜	j膿mt	become	褋褌邪褌褜
ji	enter	胁芯泄褌懈	NONE		
ji	come	锌褉懈泄褌懈	i	and	懈
jip蓹桑	eagle.owl	褎懈谢懈薪	jipi桑	eagle.owl	褎懈谢懈薪
jis	ancient	写褉械胁薪懈泄	jis	ancient	写褉械胁薪懈泄
jiti	night	薪芯褔褜	墨ti	at.night	薪芯褔褜褞
jiw		袛械褉械胁芯	j墨w	tree	写械褉械胁芯
jol	below	胁薪懈蟹褍	joln	below	胁薪懈蟹褍
jol	seat	褋懈写械薪懈械	NONE		
jola	down	胁薪懈蟹	joli	lower	薪懈卸薪懈泄
jom	go	懈写褌懈	j艒m	step	褕邪谐邪褌褜
jomas		啸芯褉芯褕懈泄	jomas	good	褏芯褉芯褕懈泄
jomas	well	褏芯褉芯褕芯	jomas	good	褏芯褉芯褕懈泄
joma蓵	well	褏芯褉芯褕芯	jomas	good	褏芯褉芯褕懈泄
jom蓵akw	thoroughly	褏芯褉芯褕械薪褜泻芯	joma蓵akwe	well	褏芯褉芯褕芯
jor	slowness	屑械写谢械薪薪芯褋褌褜	NONE		
josa	skis	谢褘卸懈	jos	ski	谢褘卸邪
jowt	bow	谢褍泻	j艒wt	bow	谢褍泻
jowt	arrow	褋褌褉械谢邪	NONE		
jox	rotate	胁褉邪褖邪褌褜褋褟	j艒艐x	spin	泻褉褍卸懈褌褜褋褟
joxt	go	懈写褌懈	joxt	come	锌褉懈泄褌懈
joxt	walk	褏芯写懈褌褜	joxt	come	锌褉懈泄褌懈
joxte	come	锌褉懈泄褌懈	joxt	come	锌褉懈泄褌懈
jo艐x	rotate	胁褉邪褖邪褌褜褋褟	j艒艐x	spin	泻褉褍卸懈褌褜褋褟
jo艐x	spin	泻褉褍卸懈褌褜褋褟	j艒艐x	spin	泻褉褍卸懈褌褜褋褟
jo虂xt	come	锌褉懈泄褌懈	joxt	come	锌褉懈泄褌懈
jo虂艐x	spin	泻褉褍卸懈褌褜褋褟	j艒艐x	spin	泻褉褍卸懈褌褜褋褟
ju	back	蟹邪写	juj	back	蟹邪写
ju	go	懈写褌懈	juj	back	蟹邪写
jui	inside	胁薪褍褌褉褜	NONE		
jui	back	蟹邪写	juji	back	蟹邪写薪懈泄
jui	back	薪邪蟹邪写	juji	back	蟹邪写薪懈泄
jui	behind	褋蟹邪写懈	juji	back	蟹邪写薪懈泄
juji	back	蟹邪写	juji	back	蟹邪写薪懈泄
jun	at.home	写芯屑邪	jun	at.home	写芯屑邪
junt	sew	褕懈褌褜	j奴nt	sew	褕懈褌褜
jur蓵	befriend	锌芯写褉褍卸懈褌褜	jurt	friend	写褉褍谐
juw		3SG	NONE		
juw		袙薪褍褌褉褜	juji	back	蟹邪写薪懈泄
juw	flour	屑褍泻邪	NONE		
juw	back	薪邪蟹邪写	juj	back	蟹邪写
juw		褋褌芯褉芯薪褍	juj	back	蟹邪写
juw	go	懈写褌懈	juj	back	蟹邪写
juwl猫	back	薪邪蟹邪写	NONE		
j墨	walk	懈写褌懈	ji	walk	懈写褌懈
j艒m	go	懈写褌懈	j艒m	step	褕邪谐邪褌褜
j艒n桑	play	懈谐褉邪褌褜	jon桑	play	懈谐褉邪褌褜
j艒n桑蓹艐t	play	薪邪懈谐褉褘胁邪褌褜	NONE		
kaj	hey	褝泄	k膩s	joy	褉邪写芯褋褌褜
kan	square	锌谢芯褖邪写褜	kan	place	屑械褋褌芯
kan	evil	蟹谢芯	kant	anger	蟹谢芯褋褌褜
kan'蓵	dry	褋芯褏薪褍褌褜	NONE		
kant	evil	蟹谢芯	kant	anger	蟹谢芯褋褌褜
kant	evil	蟹谢芯	kant	anger	蟹谢芯褋褌褜
kapaj	great	胁械谢懈泻懈泄	NONE		
kapjan	kapyan	泻邪锌褜褟薪	NONE		
kars	tall	胁褘褋芯泻懈泄	kar蓹s	tall	胁褘褋芯泻懈泄
kasal	notice	蟹邪屑械褔邪褌褜	k膩sal	notice	蟹邪屑械褌懈褌褜
kat	hand	褉褍泻邪	k膩t	hand	褉褍泻邪
kat	hands	褉褍泻懈	k膩t	hand	褉褍泻邪
ke		3SG	NONE		
ke	if	械褋谢懈	NONE		
kem	manner	屑邪薪械褉邪	NONE		
kem		褝薪械褉谐懈褟/APPR	NONE		
kem	APPR	APPR	NONE		
ker	harness	蟹邪锌褉褟褔褜	k膿r	harness	蟹邪锌褉褟谐邪褌褜
ket	send	锌芯褋谢邪褌褜	k膿t	send	锌芯褋谢邪褌褜
kins	search	芯褌褘褋泻懈胁邪褌褜	kins	search	懈褋泻邪褌褜
kis	search	懈褋泻邪褌褜	kins	search	懈褋泻邪褌褜
kislakw	around	泻褉褍谐芯屑	NONE		
kismaj	dig	褉褘褌褜	NONE		
kis桑	whistle	褋胁懈褋褌械褌褜	kis	whistle	褋胁懈褋褌械褌褜
kit	two	写胁械	kit	two	写胁邪
kit	ask	褋锌褉芯褋懈褌褜	k膿t	send	锌芯褋谢邪褌褜
kitt	two	写胁邪	kit	two	写胁邪
kitxujplow	twelve	写胁械薪邪写褑邪褌褜	kitxujplow	twelve	写胁械薪邪写褑邪褌褜
kit蓹nti桑	secondary	胁褌芯褉懈褔薪芯	NONE		
kit蓹桑	two	写胁邪	kit	two	写胁邪
kit蓹桑l	ask	褋锌褉邪褕懈胁邪褌褜	kiti桑l	ask	褋锌褉邪褕懈胁邪褌褜
kit桑	two	写胁邪	kit	two	写胁邪
kiw	stone	泻邪屑械薪褜	NONE		
kiwer	insides	薪褍褌褉芯	k墨w蓹r	inside	胁薪褍褌褉械薪薪芯褋褌褜
kona	outside	薪邪褉褍卸褍	kon	outside	c薪邪褉褍卸懈
kona	outside	褋薪邪褉褍卸懈	kon	outside	c薪邪褉褍卸懈
kos	together	胁屑械褋褌械	NONE		
kos	claw	泻芯谐芯褌褜	kons	claw	泻芯谐芯褌褜
kos	at.least	褏芯褌褜	kis	hoop	芯斜褉褍褔
kotli	middle	褋械褉械写懈薪邪	kot'il'	middle	褋械褉械写懈薪邪
ko蓵aj	host	褏芯蟹褟懈薪	k奴蓵aj	master	褏芯蟹褟懈薪
kupn	light	谢褢谐泻懈泄	NONE		
kur	stove	锌械褔泻邪	k奴r	oven	锌械褔褜
kut'uw	host	褏芯蟹褟懈薪	NONE		
kwal	get.up	胁褋褌邪胁邪褌褜	kw膩l	stand	胁褋褌邪褌褜
kwal	stand	胁褋褌邪褌褜	kw膩l	stand	胁褋褌邪褌褜
kwal	go.out	胁褘泄褌懈	NONE		
kwal蓹桑	rope	胁械褉褢胁泻邪	kw膩li桑	rope	胁械褉褢胁泻邪
kwal桑	say	褋泻邪蟹邪褌褜	kw膩l	stand	胁褋褌邪褌褜
kys	want	褏芯褌械褌褜	kus	want	褏芯褌械褌褜
k膿l蓹桑	swamp	斜芯谢芯褌芯	k膿li桑	swamp	斜芯谢芯褌芯
k膿m		APPR	NONE		
k膿r	iron	卸械谢械蟹芯	k膿r	iron	卸械谢械蟹芯
l	shoot	褋褌褉械谢褟褌褜	NONE		
l'ap	close	斜谢懈蟹泻芯	l'apa	close	斜谢懈蟹泻懈泄
l'a桑	speak	谐芯胁芯褉懈褌褜	l膩w	say	褋泻邪蟹邪褌褜
l'ou	lion	谢械胁	l'膿w	lion	谢械胁
l'ox	road	写芯褉芯谐邪	l'艒艐x	road	写芯褉芯谐邪
l'o艐x	road	写芯褉芯谐邪	l'艒艐x	road	写芯褉芯谐邪
l'ul	stand	褋褌芯褟褌褜	l'奴l'	stand	褋褌芯褟褌褜
l'ul'	bad	锌谢芯褏芯泄	l'奴l'	bad	锌谢芯褏芯泄
l'ul'	bad	锌谢芯褏芯	l'奴l'	bad	锌谢芯褏芯泄
l'ul'	stand	褋褌芯褟褌褜	l'奴l'	stand	褋褌芯褟褌褜
l'ul'	stand	褋褌芯褟褌褜	l'奴l'	stand	褋褌芯褟褌褜
l'ul's蓹艐	bad	锌谢芯褏芯	l'ul'sa艐	poorly	锌谢芯褏芯
l'un's		袩谢邪泻邪褌褜	l'奴n'蓵	cry	锌谢邪泻邪褌褜
l'un'蓵	cry	锌谢邪泻邪褌褜	l'奴n'蓵	cry	锌谢邪泻邪褌褜
l'un蓵'	cry	锌谢邪泻邪褌褜	l'奴n'蓵	cry	锌谢邪泻邪褌褜
l'艒艐x	path	锌褍褌褜	l'艒艐x	road	写芯褉芯谐邪
l'奴l	stand	胁褋褌邪褌褜	l'奴l'	stand	褋褌芯褟褌褜
l'奴l	stand	褋褌芯褟褌褜	l'奴l'	stand	褋褌芯褟褌褜
l'奴l'	stand	胁褋褌邪褌褜	l'奴l'	stand	褋褌芯褟褌褜
laj	throw	斜褉芯褋懈褌褜	NONE		
laj	shoot	褋褌褉械谢褟褌褜	NONE		
laps	take.off	胁蟹谢械褌械褌褜	lap	take.off	胁蟹谢械褌械褌褜
lapsa	rise	锌芯写薪懈屑邪褌褜褋褟	NONE		
lar	turn	泻褉褍褌懈褌褜褋褟	NONE		
law	hatred	薪械薪邪胁懈褋褌褜	l'奴l'	bad	锌谢芯褏芯泄
law		袚芯胁芯褉懈褌褜	l膩w	say	褋泻邪蟹邪褌褜
law	rope	胁械褉褢胁泻邪	NONE		
law	speak	谐芯胁芯褉懈褌褜	l膩w	say	褋泻邪蟹邪褌褜
law	say	褋泻邪蟹邪褌褜	l膩w	say	褋泻邪蟹邪褌褜
lawlt	speak	谐芯胁芯褉懈褌褜	l膩w	say	褋泻邪蟹邪褌褜
laws	promise	芯斜械褖邪薪懈械	l膩w	say	褋泻邪蟹邪褌褜
laws	speak	谐芯胁芯褉懈褌褜	l膩w	say	褋泻邪蟹邪褌褜
la桑l	legs	薪芯谐懈	l膩桑蓹l	leg	薪芯谐邪
la桑蓹l	legs	薪芯谐懈	l膩桑蓹l	leg	薪芯谐邪
lep	cover	锌芯泻褉褘褌褜	NONE		
lep	cover	锌芯泻褉褘褌褜	NONE		
lew	pull.out	胁褘褌邪褖懈褌褜	NONE		
le艐n	squirrel	斜械谢泻邪	l膿艐蓹n	squirrel	斜械谢泻邪
le艐xn	squirrel	斜械谢泻邪	l膿艐蓹n	squirrel	斜械谢泻邪
le艐x蓹n	squirrel	斜械谢泻邪	l膿艐蓹n	squirrel	斜械谢泻邪
li	throw	斜褉芯褋懈褌褜	li	throw	斜褉芯褋邪褌褜
lil	breath	写褘褏邪薪懈械	lili	breath	写褘褏邪薪懈械
lil	breath	写褘褏邪薪懈械	lili	breath	写褘褏邪薪懈械
lili	life	卸懈蟹薪褜	NONE		
lo艐	shout	泻褉懈褔邪褌褜	l艒x	knock	褋褌褍褔邪褌褜
lo艐i	dog	褋芯斜邪泻邪	NONE		
lo艐x	road	写芯褉芯谐邪	l'艒艐x	road	写芯褉芯谐邪
lo艐xal'蓵ap	bell	泻芯谢芯泻芯谢褜褔懈泻	l艒艐xan'蓵ap	bell	泻芯谢芯泻芯谢褜褔懈泻
lo艐xit	fall.ill	蟹邪斜芯谢械胁邪褌褜	NONE		
lui	north	褋械胁械褉	luji	north	褋械胁械褉
luli	loon	谐邪谐邪褉邪	l奴li	loon	谐邪谐邪褉泻邪
lyw	horse	谢芯褕邪写褜	luw	horse	谢芯褕邪写褜
l膩蓵	slowly	屑械写谢械薪薪芯	l膩蓵al	slow	屑械写谢械薪薪褘泄
l膩蓵al	slowly	屑械写谢械薪薪芯	l膩蓵al	slow	屑械写谢械薪薪褘泄
l膿w	lion	谢械胁	l'膿w	lion	谢械胁
l艒艐xit	hit	斜懈褌褜	l艒艐xit	hit	斜懈褌褜
l奴	bone	泻芯褋褌褜	luw	bone	泻芯褋褌褜
l蓹桑		DISC	NONE		
l蓹桑t		DISC	NONE		
m	give	写邪褌褜	NONE		
ma	earth	蟹械屑谢褟	m膩	land	蟹械屑谢褟
ma	give	写邪褌褜	m膩	land	蟹械屑谢褟
maj		1PL	m膩	land	蟹械屑谢褟
maj	isn't.it	胁械写褜	m膩k	truth	锌褉邪胁写邪
maj	give	写邪褌褜	m膩	land	蟹械屑谢褟
mal	rich	斜谢邪谐芯褋芯褋褌芯褟褌械谢褜薪邪褟	NONE		
man		1PL	man	Q	Q
man		2SG	man	Q	Q
man	tear	锌芯褉胁邪褌褜	NONE		
mana		Q	man	Q	Q
manr	what	褔褌芯	man	Q	Q
manur	what	褔褌芯	manur蓹l	how	泻邪泻
mas	dress	芯写械胁邪褌褜	NONE		
mas	get.dressed	芯写械胁邪褌褜褋褟	NONE		
mat蓹r		INDEF	mat	INDEF	INDEF
maxr	mammoth	屑邪屑芯薪褌	m膩xar	mammoth	屑邪屑芯薪褌
ma桑um	people	薪邪褉芯写	m膩桑蓹s	for	写谢褟
mej		1DU	NONE		
men		1DU	man	Q	Q
men		OBL	man	Q	Q
mes桑	gyrus	懈蟹胁懈谢懈薪邪	m膿s蓹桑	bend	懈蟹胁懈谢懈薪邪
me艐ki		1DU	m膩n'蓵i	Mansi	屑邪薪褋懈
me艐kw	giant	屑械薪泻胁	m膿艐kw	giant	屑械薪泻胁
min	go	懈写褌懈	man	Q	Q
min	room	泻芯屑薪邪褌邪	NONE		
min	go	懈写褌懈	man	Q	Q
mina	go	懈写褌懈	NONE		
mine	go	懈写褌懈	NONE		
mir	Mis	屑懈褋	mi	give	写邪褌褜
mir	society	芯斜褖械褋褌胁芯	mir	people	薪邪褉芯写
mis	ghost	锌褉懈胁械写械薪懈械	NONE		
mol	past	锌褉芯褕谢褘泄	m艒l	past	锌褉芯褕谢褘泄
mol	past	锌褉芯褕谢褘泄	m艒l	past	锌褉芯褕谢褘泄
mol'	soon	褋泻芯褉芯	m艒lal	earlier	褉邪薪褜褕械
mol'	soon	褋泻芯褉芯	m艒lal	earlier	褉邪薪褜褕械
mol'ax	quickly	斜褘褋褌褉芯	mol'ax	fast	斜褘褋褌褉褘泄
mol'ax	fast	斜褘褋褌褉褘泄	mol'ax	fast	斜褘褋褌褉褘泄
mol蓹艐	rich	斜芯谐邪褌褘泄	NONE		
mont	recently	薪械写邪胁薪芯	m艒jt	tale	褋泻邪蟹泻邪
mor	shabby	写褉褟薪芯泄	NONE		
mos	sickness	斜芯谢械蟹薪褜	mos	sickness	斜芯谢械蟹薪褜
mot	another	写褉褍谐芯泄	m艒t	another	写褉褍谐芯泄
motan	another	写褉褍谐芯泄	m艒t	another	写褉褍谐芯泄
mo蓵	little	屑邪谢芯	mo蓵	little	薪械屑薪芯谐芯
mo蓵	little	屑邪谢芯	mo蓵	little	薪械屑薪芯谐芯
mo蓵ne		袦芯褖薪褝	mo蓵	little	薪械屑薪芯谐芯
mo蓵蓵a	a.little	薪械屑薪芯谐芯	mo蓵蓵a	a.little	屑邪谢芯
muj	guest	谐芯褋褌褜	m奴j	guest	谐芯褋褌褜
mujle	guest	谐芯褋褌褜	m奴j	guest	谐芯褋褌褜
muli	front	锌械褉械写薪懈泄	NONE		
mul桑a	around	胁芯泻褉褍谐	NONE		
muw蓹l	around	胁芯泻褉褍谐	muwal	around	胁芯泻褉褍谐
muw蓹r	club	写褍斜懈薪邪	muw蓹r	club	写褍斜懈薪邪
m膩	place	屑械褋褌芯	m膩	land	蟹械屑谢褟
m膩m	earth	蟹械屑谢褟	m膩	land	蟹械屑谢褟
m膩n	or	懈谢懈	man	Q	Q
m膩na	what.kind	泻邪泻芯泄	man	Q	Q
m艒tan	another	写褉褍谐芯泄	m艒t	another	写褉褍谐芯泄
m奴wal	around	胁芯泻褉褍谐	muwal	around	胁芯泻褉褍谐
m蓹桑蓹s	for	写谢褟	m膩桑蓹s	for	写谢褟
n'al	bow	谢褍泻	NONE		
n'al	arrow	褋褌褉械谢邪	n'膩l	arrow	褋褌褉械谢邪
n'al	arrow	褋褌褉械谢邪	n'膩l	arrow	褋褌褉械谢邪
n'ali	arrow	褋褌褉械谢邪	n'膩l	arrow	褋褌褉械谢邪
n'alla艐		袧褟谢褜褌褜械	NONE		
n'aul	catch.up	写芯谐薪邪褌褜	NONE		
n'aul	chase	锌芯谐薪邪褌褜	n'膩wl	chase	谐薪邪褌褜
n'aul	chase.away	锌褉芯谐薪邪褌褜	n'膩wl	chase	谐薪邪褌褜
n'awram	child	褉械斜褢薪芯泻	n'膩wram	child	褉械斜褢薪芯泻
n'awram	go	懈写褌懈	NONE		
n'a艐ra	harsh	褋褍褉芯胁褘泄	n'a艐ra	harsh	褋褍褉芯胁褘泄
n'il	four	褔械褌褘褉械	n'ila	four	褔械褌褘褉械
n'ol		屑褘褋/薪芯褋	nox	stiffen	芯泻芯褔械薪械褌褜
n'or	mountain	谐芯褉邪	n'艒r	mountain	谐芯褉邪
n'owl'	meat	屑褟褋芯	n'艒w蓹l'	meat	屑褟褋芯
n'ow蓹l	meat	屑褟褋芯	n'艒w蓹l'	meat	屑褟褋芯
n'oxs	sable	褋芯斜芯谢褜	nox	stiffen	芯泻芯褔械薪械褌褜
n'uw	move	写胁懈谐邪褌褜褋褟	n'ow	move	写胁懈薪褍褌褜褋褟
n'膿蓵e		袧械褖械	NONE		
na	on	薪邪	NONE		
nal	forty	褋芯褉芯泻	NONE		
namt	think	写褍屑邪褌褜	nomt	mind	褍屑
nar	push	褌芯谢泻薪褍褌褜	n'or	crawl	锌芯谢蟹褌懈
nar	push	褌芯谢泻薪褍褌褜	n'or	crawl	锌芯谢蟹褌懈
nar蓹艐	cheeky	写械褉蟹泻懈泄	NONE		
nas	in.vain	蟹褉褟	nas	simple	锌褉芯褋褌芯泄
nas	just	锌褉芯褋褌芯	nas	simple	锌褉芯褋褌芯泄
nas	simple	锌褉芯褋褌芯泄	nas	simple	锌褉芯褋褌芯泄
naul	chase	锌芯谐薪邪褌褜	n'膩wl	chase	谐薪邪褌褜
na艐		1SG	n膩艐k	larch	谢懈褋褌胁械薪薪懈褑邪
na艐		2SG	n膩艐k	larch	谢懈褋褌胁械薪薪懈褑邪
na艐		3SG	n膩艐k	larch	谢懈褋褌胁械薪薪懈褑邪
na艐	down	胁薪懈蟹	NONE		
na艐	as.if	褋谢芯胁薪芯	NONE		
na艐	you	褌褘	n膩艐k	be.seen	胁懈写薪械褌褜褋褟
na艐		2SG	n膩艐k	larch	谢懈褋褌胁械薪薪懈褑邪
na艐k	be.seen	胁懈写薪械褌褜褋褟	n膩艐k	be.seen	胁懈写薪械褌褜褋褟
na艐k	larch	谢懈褋褌胁械薪薪懈褑邪	n膩艐k	larch	谢懈褋褌胁械薪薪懈褑邪
ne		NEG	NONE		
ne	woman	卸械薪褖懈薪邪	n膿	woman	卸械薪褖懈薪邪
ne	appear	锌芯泻邪蟹邪褌褜褋褟	NONE		
nejl	appear	锌芯泻邪蟹邪褌褜褋褟	n膿桑l	appear	锌芯褟胁懈褌褜褋褟
nematr	nothing	薪懈褔械谐芯	NONE		
nemat蓹r	nothing	薪懈褔械谐芯	NONE		
nen		2DU	NONE		
nepak	person	褔械谢芯胁械泻	NONE		
ne桑	tie	锌褉懈胁褟蟹邪褌褜	n膿桑	tie	锌褉懈胁褟蟹邪褌褜
ne桑l	appear	锌芯泻邪蟹邪褌褜褋褟	n膿桑l	appear	锌芯褟胁懈褌褜褋褟
n膿m	PRON.NEG	PRON.NEG	NONE		
nom	think	写褍屑邪褌褜	nomt	mind	褍屑
noms	think	写褍屑邪褌褜	nomt	mind	褍屑
notja	slow.log.bonfire	薪芯写褜褟	NONE		
nox	top	胁械褉褏	nox	stiffen	芯泻芯褔械薪械褌褜
nox	up	薪邪胁械褉褏	NONE		
no艐x		袙胁械褉褏	nox	stiffen	芯泻芯褔械薪械褌褜
no艐xa	up	薪邪胁械褉褏	NONE		
numi	upper	胁械褉褏薪懈泄	numi	upper	胁械褉褏薪懈泄
num蓹	upper	胁械褉褏薪懈泄	numi	upper	胁械褉褏薪懈泄
nup蓹l	in	胁	nup蓹l	towards	泻
nuw		3SG	NONE		
nys	poor	斜械写薪褘泄	NONE		
nysa	poor	斜械写薪褘泄	nusa	poor	斜械写薪褘泄
n膩n		2PL	n膩艐k	larch	谢懈褋褌胁械薪薪懈褑邪
n膿	wife	卸械薪邪	n膿	woman	卸械薪褖懈薪邪
n艒艐x	up	胁胁械褉褏	NONE		
o		袨	NONE		
o	be	斜褘褌褜	NONE		
oj	drink	锌懈褌褜	NONE		
oj	fall.asleep	褍褋薪褍褌褜	oj	fall.asleep	蟹邪褋薪褍褌褜
ojka	husband	屑褍卸	艒jka	man	屑褍卸褔懈薪邪
ojka	man	屑褍卸褔懈薪邪	艒jka	man	屑褍卸褔懈薪邪
ol	earth	蟹械屑谢褟	艒l	be	斜褘褌褜
ol	be	斜褘褌褜	艒l	be	斜褘褌褜
ol	live	卸懈褌褜	NONE		
ole	be	斜褘褌褜	艒l	be	斜褘褌褜
ole	live	卸懈褌褜	NONE		
oln	silver	褋械褉械斜褉芯	NONE		
oln	silver	褋械褉械斜褉芯	NONE		
on'蓵	have	懈屑械褌褜	艒n'蓵	have	懈屑械褌褜
on'蓵	give.birth	褉芯写懈褌褜	NONE		
on'桑a	daughter.in.law	薪械胁械褋褌泻邪	艒n'桑a	daughter.in.law	薪械胁械褋褌泻邪
on蓵	have	懈屑械褌褜	艒n'蓵	have	懈屑械褌褜
os	thick	褌芯谢褋褌褘泄	NONE		
os		3SG	NONE		
os		ADD	艒s	ADD	ADD
os	possibility	袙芯蟹屑芯卸薪芯褋褌褜	NONE		
os	thick	褌芯谢褋褌褘泄	NONE		
os	that	褌芯褌	NONE		
ot	affectionate	谢邪褋泻芯胁褘泄	NONE		
oter	hero	斜芯谐邪褌褘褉褜	艒t蓹r	hero	斜芯谐邪褌褘褉褜
otr	hero	斜芯谐邪褌褘褉褜	艒t蓹r	hero	斜芯谐邪褌褘褉褜
oule	end	泻芯薪械褑	艒w蓹l	end	泻芯薪械褑
owl	guilt	胁懈薪邪	NONE		
owl	end	泻芯薪械褑	艒l	be	斜褘褌褜
ow蓹l	end	泻芯薪械褑	艒w蓹l	end	泻芯薪械褑
oxsar	fox	谢懈褋懈褑邪	oxsar	fox	谢懈褋邪
oxsar	fox	谢懈褋邪	oxsar	fox	谢懈褋邪
o蓵	fence	锌谢械褌械薪褜	NONE		
o蓵	have	懈屑械褌褜	艒n'蓵	have	懈屑械褌褜
o蓵mar	cunning	褏懈褌褉芯褋褌褜	o蓵mar	cunning	褏懈褌褉芯褋褌褜
p		袩	NONE		
paj	mountain	谐芯褉邪	NONE		
pajp		锌邪泄胁邪	NONE		
pal'	ear	褍褏芯	pal'	ear	褍褏芯
pal'tilt	hear	褍褋谢褘褕邪褌褜	NONE		
pali	length	写谢懈薪邪	palit	length	写谢懈薪邪
palt	in	胁	palt	to	泻
palt	part	褔邪褋褌褜	palt	to	泻
palt	kindle	褉邪蟹卸械褔褜	p膩lt	kindle	蟹邪褌芯锌懈褌褜
pas蓹n	table	褋褌芯谢	pasan	table	褋褌芯谢
pat	fall	锌邪写邪褌褜	pat	fall	锌邪写邪褌褜
pat	only	褌芯谢褜泻芯	palt	to	泻
pat	duck	褍褌泻邪	NONE		
pat	start	薪邪褔邪褌褜	NONE		
pat	become	褋褌邪褌褜	palt	to	泻
pat	fall	褍锌邪褋褌褜	pat	fall	锌邪写邪褌褜
patr	hide	褋泻褉褘褌褜褋褟	p膩t蓹r	disappear	懈褋褔械蟹邪褌褜
pats	start	薪邪褔邪褌褜	NONE		
patt	drop	褍褉芯薪懈褌褜	pat	fall	锌邪写邪褌褜
patta	end	泻芯薪械褑	patta	bottom	写薪芯
patta	slides	锌芯谢芯蟹褜褟	patta	bottom	写薪芯
pat蓹r	disappear	懈褋褔械蟹邪褌褜	p膩t蓹r	disappear	懈褋褔械蟹邪褌褜
paul	village	写械褉械胁薪褟	p膩w蓹l	village	锌芯褋械谢芯泻
pawar	topple	褋胁械褉谐薪褍褌褜褋褟	powar	roll	泻邪褌懈褌褜褋褟
pawl	village	锌芯褋褢谢芯泻	p膩w蓹l	village	锌芯褋械谢芯泻
paxt	throw	斜褉芯褋懈褌褜	NONE		
pa艐k	mud	谐褉褟蟹褜	p膩艐k	mud	谐褉褟蟹褜
pel	puncture	锌褉芯泻芯谢	p膿l	pierce	胁芯褌泻薪褍褌褜
pel	pierce	锌褉芯褌泻薪褍褌褜	p膿l	pierce	胁芯褌泻薪褍褌褜
pelp	sharp	芯褋褌褉褘泄	NONE		
pen	put.in	胁谢芯卸懈褌褜	pin	put	锌芯谢芯卸懈褌褜
perj	choose	胁褘斜褉邪褌褜	p膿rij	choose	胁褘斜褉邪褌褜
pes	before	锌褉械卸写械	NONE		
pet	lower	芯锌褍褋泻邪褌褜	NONE		
pe蓵	thigh	斜械写褉芯	p膿蓵	thigh	斜械写褉芯
pe虂rmt	turn	锌芯胁械褉薪褍褌褜	NONE		
pin	lay	泻谢邪褋褌褜	pin	put	锌芯谢芯卸懈褌褜
pin	put	褋褌邪胁懈褌褜	pin	put	锌芯谢芯卸懈褌褜
pirwa	duck	褍褌泻邪	NONE		
pi桑	boy	屑邪谢褜褔懈泻	p墨桑	son	褋褘薪
pi桑ri蓵	boy	屑邪谢褜褔懈泻	NONE		
pojk	prayer	屑芯谢懈褌胁邪	p艒jk	prayer	屑芯谢懈褌胁邪
pojk	plea	屑芯谢褜斜邪	p艒jk	beg	锌褉芯褋懈褌褜
pojt	cease	锌械褉械褋褌邪褌褜	pojt	finish	蟹邪泻芯薪褔懈褌褜
pojt	calm.down	褍褋锌芯泻芯懈褌褜褋褟	NONE		
pon		褋褍褔懈褌褜	pin	put	锌芯谢芯卸懈褌褜
por	time	胁褉械屑褟	pora	time	胁褉械屑褟
por	by	锌芯	pojar	boyar	斜芯褟褉懈薪
porne		袩芯褉薪褝	pora	time	胁褉械屑褟
pors	litter	褋芯褉	pors	litter	褋芯褉
porx	torso	褌褍谢芯胁懈褖械	p艒x	side	斜芯泻
por蓹桑	jump	锌褉褘谐邪褌褜	pori桑m	jump	锌褉褘谐薪褍褌褜
pos	chase	谐薪邪褌褜	p艒s	chase	谐薪邪褌褜
pos		谐薪邪褌褜(褋泻芯褌)	p艒s	chase	谐薪邪褌褜
pos		写芯懈褌褜(泻芯褉芯胁)	pus	whole	褑械谢褘泄
poter	conversation	褉邪蟹谐芯胁芯褉	NONE		
pot蓹lma	noise	褕褍屑	NONE		
pot蓹r	speech	褉械褔褜	NONE		
pot蓹r	speech	褉械褔褜	NONE		
powart	roll.out	胁褘泻邪褌褘胁邪褌褜	powar	roll	泻邪褌懈褌褜褋褟
pox	side	褋褌芯褉芯薪邪	p艒x	side	斜芯泻
poxatur	hero	斜芯谐邪褌褘褉褜	p艒xatur	hero	斜芯谐邪褌褘褉褜
poxt	moor	锌褉懈褔邪谢懈褌褜	NONE		
poxt	harass	锌褉懈褋褌邪褌褜	NONE		
poxt	moor	锌褉懈褔邪谢懈褌褜	NONE		
poxt	grab	褋褏胁邪褌懈褌褜	poxt	cling	胁褑械锌懈褌褜褋褟
po艐	herd	褋褌邪写芯	NONE		
po艐	pick	薪邪褉胁邪褌褜	pin	put	锌芯谢芯卸懈褌褜
ppwo	hero	斜芯谐邪褌褘褉褜	NONE		
puki	belly	斜褉褞褏芯	puki	belly	卸懈胁芯褌
pulpe	cork	锌褉芯斜泻邪	NONE		
pum		孝褉邪胁邪	pum	grass	褌褉邪胁邪
pup	ear	褍褕泻芯	NONE		
pupa	spirit	写褍褏	pupi桑	spirit	写褍褏
pup墨桑	patron	锌芯泻褉芯胁懈褌械谢褜	NONE		
pur	feast	锌懈褉	p奴ri	feast	锌懈褉
pus	everybody	胁褋械	pus	whole	褑械谢褘泄
pus	whole	褑械谢褘泄	pus	whole	褑械谢褘泄
pus	open	芯褌泻褉褘褌褜	p奴ns	open	芯褌泻褉褘褌褜
pus	whole	褑械谢褘泄	pus	whole	褑械谢褘泄
pusen	everybody	胁褋械	puss蓹n	everybody	胁褋械
pusen	everything	胁褋褢	pus	whole	褑械谢褘泄
pusm	be.cured	胁褘谢械褔懈褌褜褋褟	NONE		
pus蓹n	whole	褑械谢褘泄	pus	whole	褑械谢褘泄
puw	hold	写械褉卸邪褌褜	NONE		
puw	grab	褋褏胁邪褌懈褌褜	puw	catch	谢芯胁懈褌褜
puwl	bathe	泻褍锌邪褌褜褋褟	puwl	bathe	泻褍锌邪褌褜褋褟
puwl	wash	屑褘褌褜褋褟	puwl	bathe	泻褍锌邪褌褜褋褟
puwt	hammer	写芯谢斜懈褌褜	puwt	poke	泻芯谢芯褌褜
pu艐	wealth	斜芯谐邪褌褋褌胁芯	NONE		
pu艐	chunk	褔褍褉泻邪	pu艐na	chunk	褔褍褉泻邪
pu艐k		谐芯谢芯胁邪/蟹褍斜	pu艐k	head	谐芯谢芯胁邪
p膩l	side	褋褌芯褉芯薪邪	p膩l	side	褋褌芯褉芯薪邪
p膩ul	village	锌芯褋褢谢芯泻	p膩w蓹l	village	锌芯褋械谢芯泻
p膿ri桑t	speak	谐芯胁芯褉懈褌褜	NONE		
p膿rmt	wrap	芯斜械褉薪褍褌褜	p膿st	untie	褉邪蟹胁褟蟹邪褌褜
p艒x	side	斜芯泻	p艒x	side	斜芯泻
p奴l	piece	泻褍褋芯褔械泻	pul	part	褔邪褋褌褜
p奴s	open	芯褌泻褉褘褌褜	p奴ns	open	芯褌泻褉褘褌褜
p奴s	whole	褑械谢褘泄	pus	whole	褑械谢褘泄
p蓹	son	褋褘薪	p墨桑	son	褋褘薪
p蓹桑	son	褋褘薪	p墨桑	son	褋褘薪
p蓹桑ri蓵	boy	屑邪谢褜褔懈泻	NONE		
p邪l	side	褋褌芯褉芯薪邪	p膩l	side	褋褌芯褉芯薪邪
r	Russian	褉褍褋褋泻懈泄	NONE		
rat	hit	斜懈褌褜	r膩t	hit	斜懈褌褜
ra桑	fall	锌邪写邪褌褜	ra桑at	fall	褍锌邪褋褌褜
re蓹桑	heat	卸邪褉	r膿桑	heat	卸邪褉
ropita	work	褉邪斜芯褌邪褌褜	r艒pit	work	褉邪斜芯褌邪褌褜
rot	calm	褋锌芯泻芯泄薪褘泄	rot	calm	褋锌芯泻芯泄薪褘泄
row	permitted	褉邪蟹褉械褕褢薪薪褘泄	r艒w	possible	屑芯卸薪芯
row	possible	屑芯卸薪芯	r艒w	possible	屑芯卸薪芯
row	is.needed	薪邪写芯	r艒w	possible	屑芯卸薪芯
row	allow	褉邪蟹褉械褕邪褌褜	r艒w	possible	屑芯卸薪芯
ro艐x	shout	泻褉懈泻薪褍褌褜	r艒艐x	shout	泻褉懈褔邪褌褜
r谩桑膩t	fall	褍锌邪褋褌褜	ra桑at	fall	褍锌邪褋褌褜
r艒t	calm	褋锌芯泻芯泄薪褘泄	rot	calm	褋锌芯泻芯泄薪褘泄
saj	length	写谢懈薪邪	NONE		
sajk	sober	褌褉械蟹胁褘泄	NONE		
sakari		褋邪褏邪褉褘	saka	very	芯褔械薪褜
sakw		袥褟锌懈薪	saka	very	芯褔械薪褜
sakw	piece	泻褍褋芯泻	sakw	piece	泻褍褋芯泻
sakw	break	褋谢芯屑邪褌褜	sakw	piece	泻褍褋芯泻
sal	deer	芯谢械薪褜	s膩li	deer	芯谢械薪褜
sali		袨谢械薪褜	s膩艐ki	velvet.scoter	褌褍褉锌邪薪
sali	many	屑薪芯谐芯	NONE		
sali	deer	芯谢械薪褜	s膩li	deer	芯谢械薪褜
salij	deer	芯谢械薪褜	s膩li	deer	芯谢械薪褜
sali虋	deer	芯谢械薪褜	s膩li	deer	芯谢械薪褜
sam	corner	褍谐芯谢芯泻	s膩m	corner	褍谐芯谢
samim	eye	谐谢邪蟹	sam	eye	谐谢邪蟹
samli艐	ringing	蟹胁芯薪泻懈泄	NONE		
sampilt	notice	蟹邪屑械褌懈褌褜	NONE		
sans	kneel	泻芯谢械薪芯锌褉械泻谢芯薪懈褌褜褋褟	s膩ns	knee	泻芯谢械薪芯
sapta	mat	褑懈薪芯胁泻邪	saka	very	芯褔械薪褜
sar	early	褉邪薪薪懈泄	NONE		
sar		HORT	sart	smear	屑邪蟹邪褌褜
sar	then	锌芯褌芯屑	sart	smear	屑邪蟹邪褌褜
sar	early	褉邪薪薪懈泄	NONE		
sari	true	懈褋褌懈薪薪褘泄	sart	smear	屑邪蟹邪褌褜
sart	in.front.of	锌械褉械写	s膩r	front	锌械褉械写薪懈泄
sas桑a	relative	褉芯写褋褌胁械薪薪懈泻	sasi桑	uncle	写褟写褟
sav	laziness	谢械薪褜	saw	laziness	谢械薪褜
saw	lazy	谢械薪懈胁褘泄	saw	laziness	谢械薪褜
saw	old	褋褌邪褉褘泄	NONE		
saw	old	褋褌邪褉褘泄	NONE		
saw	many	屑薪芯谐芯	s膩w	many	屑薪芯谐芯
sawa	suffer	屑褍褔懈褌褜褋褟	sawal	suffer	屑褍褔懈褌褜褋褟
sa艐kw	lower.back	锌芯褟褋薪懈褑邪	NONE		
sa艐xwat	bowstring	褌械褌懈胁邪	NONE		
sa桑r	chop.down	褋褉褍斜懈褌褜	s膩桑r	chop	褉褍斜懈褌褜
sa桑umt	break	褋谢芯屑邪褌褜	sakwat	break	褋谢芯屑邪褌褜
semel	black	褔褢褉薪褘泄	s膿m蓹l	black	褔褢褉薪褘泄
seml	black	褔褢褉薪褘泄	s膿m蓹l	black	褔褢褉薪褘泄
sem蓹l	black	褔褢褉薪褘泄	s膿m蓹l	black	褔褢褉薪褘泄
seri	deaf	谐谢褍褏芯泄	s膿r	dense	谐谢褍褏芯泄
seri		谢懈褔懈薪泻懈(屑褍褏懈)	NONE		
set	break.free	胁褘褉胁邪褌褜褋褟	NONE		
setap	threads	薪懈褌泻懈	s膿tap	thread	薪懈褌泻邪
sip	smack	褔屑芯泻邪褌褜	sip桑	suck	褋芯褋邪褌褜
sip桑	smack	褔屑芯泻邪褌褜	sip桑	suck	褋芯褋邪褌褜
sir	different	褉邪蟹薪褘泄	sir	kind	褉邪蟹薪芯胁懈写薪芯褋褌褜
sir	view	胁懈写	NONE		
sir	pole	褕械褋褌	siraj	saber	褋邪斜谢褟
siraj	sword	屑械褔	NONE		
siram	piece	泻褍褋芯泻	siraj	saber	褋邪斜谢褟
sis	back	薪邪蟹邪写	sis	back	褋锌懈薪邪
sisi	same.direction	锌芯锌褍褌薪褘泄	NONE		
sisi	back	褋锌懈薪邪	sisi	back	薪邪蟹邪写
sol'	truth	锌褉邪胁写邪	s艒l'	truth	锌褉邪胁写邪
solti	soldier	褋芯谢写邪褌	NONE		
soma	straight	锌褉褟屑芯	NONE		
sopak	boots	褋邪锌芯谐懈	s艒pak	boot	褋邪锌芯谐
sor	gold	蟹芯谢芯褌芯	s艒rn'i	gold	蟹芯谢芯褌芯
sorn		1SG	sort	pike	褖褍泻邪
sorn	gold	蟹芯谢芯褌芯	s艒rn'i	gold	蟹芯谢芯褌芯
sorn	golden	蟹芯谢芯褌芯泄	s艒rn'i	gold	蟹芯谢芯褌芯
sorumpat	die	褍屑懈褉邪褌褜	sorumpat	die	褍屑械褉械褌褜
sorup	moose	谢芯褋褜	s艒rp	moose	谢芯褋褜
sos	thousand	褌褘褋褟褔邪	NONE		
sow	skin	褕泻褍褉邪	sow	skin	泻芯卸邪
sowt		薪邪斜懈褉褍褕泻邪	sort	pike	褖褍泻邪
sow蓹r	hare	蟹邪褟褑	s艒w蓹r	hare	蟹邪褟褑
sox	everyone	胁褋械褏	s艒s	pour	谢懈褌褜
soxt	roll	褋胁械褉薪褍褌褜	sort	pike	褖褍泻邪
sui	sound	蟹胁褍泻	suj	sound	蟹胁褍泻
sul'int	jump	褋泻邪泻邪褌褜	s奴lin't	gallop	屑褔邪褌褜褋褟
sulil	warm.up	薪邪谐褉械褌褜褋褟	NONE		
sulint	jump	褋泻邪泻邪褌褜	s奴lin't	gallop	屑褔邪褌褜褋褟
sult	race	褋泻邪褔泻邪	s奴lin't	gallop	屑褔邪褌褜褋褟
sultm	spark	懈褋泻褉邪	sultum	spark	懈褋泻褉邪
sun	sledge	薪邪褉褌邪	sun	sledge	褋邪薪懈
sun'	rich	斜芯谐邪褌褘泄	NONE		
sune	sledge	褋邪薪懈	sun	sledge	褋邪薪懈
suns		小屑芯褌褉械褌褜	suns	look	褋屑芯褌褉械褌褜
suns	see	胁懈写械褌褜	suns	look	褋屑芯褌褉械褌褜
suns	say	褋泻邪蟹邪褌褜	suns	look	褋屑芯褌褉械褌褜
sunt	sledge	薪邪褉褌邪	sun	sledge	褋邪薪懈
sunt	hole	芯褌胁械褉褋褌懈械	NONE		
sunt		褋褍薪褌	suns	look	褋屑芯褌褉械褌褜
surum	hard	褌胁褢褉写褘泄	surum	rough	谐褉褍斜褘泄
sus	observe	薪邪斜谢褞写邪褌褜	suns	look	褋屑芯褌褉械褌褜
sus	look	褋屑芯褌褉械褌褜	suns	look	褋屑芯褌褉械褌褜
s膩m	corner	褍谐芯谢芯泻	s膩m	corner	褍谐芯谢
s膩r		HORT	sart	smear	屑邪蟹邪褌褜
s膩t	seven	褋械屑褜	s膩t	seven	褋械屑褜
s膩w	many	屑薪芯谐芯	s膩w	many	屑薪芯谐芯
s膩桑r	chop	褉褍斜懈褌褜	s膩桑r	chop	褉褍斜懈褌褜
s艒rn	gold	蟹芯谢芯褌芯	s艒rn'i	gold	蟹芯谢芯褌芯
s艒rup	moose	谢芯褋褜	s艒rp	moose	谢芯褋褜
s艒w蓹r	hare	蟹邪褟褑	s艒w蓹r	hare	蟹邪褟褑
s蓹r	view	胁懈写	NONE		
s蓹r	way	褋锌芯褋芯斜	siraj	saber	褋邪斜谢褟
t		PTCL	NONE		
t		孝	NONE		
t	eat	械褋褌褜	NONE		
ta		EMPH	tax	FUT	FUT
ta		NEG	tax	FUT	FUT
ta		PST[3SG]	tax	FUT	FUT
ta		PTCL1	tax	FUT	FUT
ta		PTCL2	tax	FUT	FUT
ta	here	胁芯褌	tax	FUT	FUT
ta	woman	卸械薪褖懈薪邪	NONE		
ta	take	蟹褟褌褜	tax	FUT	FUT
ta	swan	谢械斜械写褜	NONE		
ta	lake	芯蟹械褉芯	NONE		
ta	there	褌褍写邪	tax	FUT	FUT
ta	come	锌褉懈泄褌懈	tax	FUT	FUT
ta	that	褌芯褌	tax	FUT	FUT
ta=	PTCL	PTCL	NONE		
tai	approach	锌芯写褏芯写懈褌褜	tar蓹m	on	薪邪
taj		3SG	tax	FUT	FUT
taj	this	褝褌芯	taj	scoop	褋芯胁芯泻
taj	eat	械褋褌褜	tax	FUT	FUT
taj	approach	锌芯写褏芯写懈褌褜	tax	FUT	FUT
tajap	devour	褋谢芯锌邪褌褜	tajax	later	锌芯锌芯蟹卸械
tajt	Sosva	小芯褋褜胁邪	NONE		
tajt	channel	锌褉芯褌芯泻邪	NONE		
tajt		锌褉芯褌芯泻邪/小芯褋褜胁邪	taj	scoop	褋芯胁芯泻
takwi		EMPH	NONE		
takw蓹s	autumn	芯褋械薪褜	takws	autumn	芯褋械薪褜
tal		CAR	taml'e	such	褌邪泻芯泄
tal	sit	褋械褋褌褜	NONE		
tal'ex	top	胁械褉褕懈薪邪	tal'ax	tip	胁械褉褏褍褕泻邪
tal'x	top	胁械褉褕懈薪邪	tal'ax	tip	胁械褉褏褍褕泻邪
talkwa	low	薪懈蟹泻懈泄	talkwa	low	薪懈蟹泻懈泄
talmat	plant	锌芯褋邪写懈褌褜	NONE		
talt	load	谐褉褍蟹懈褌褜	NONE		
talt	load	蟹邪谐褉褍蟹懈褌褜	NONE		
talt	immerse	锌芯谐褉褍蟹懈褌褜	tal	fathom	褋邪卸械薪褜
talt蓹艐	Taltyng	褌邪谢褌褘薪谐	NONE		
tamle	such	褌邪泻芯泄	taml'e	such	褌邪泻芯泄
tan		3PL	ta艐x	want	褏芯褌械褌褜
tan		3SG	tax	FUT	FUT
tar	through	褋泻胁芯蟹褜	t膩ra	through	褋泻胁芯蟹褜
taramt	let.go	锌褍褋褌懈褌褜	t膩rat	let.go	锌褍褋褌懈褌褜
tara艐	famous	懈蟹胁械褋褌薪褘泄	NONE		
tarm	surface	锌芯胁械褉褏薪芯褋褌褜	NONE		
tarmat	let.go	芯褌锌褍褋褌懈褌褜	t膩rat	let.go	锌褍褋褌懈褌褜
tart	let.go	锌褍褋褌懈褌褜	t膩rat	let.go	锌褍褋褌懈褌褜
tarwit	heavy	褌褟卸械谢芯	NONE		
tar蓹艐	pine	褋芯褋薪邪	tari桑	pine	褋芯褋薪邪
tas	ready	谐芯褌芯胁褘泄	tax	set.off	芯褌锌褉邪胁懈褌褜褋褟
tau		3SG	tax	FUT	FUT
tau		3蝎袩	tax	FUT	FUT
taw	she	芯薪邪	tax	FUT	FUT
tawaj	think	写褍屑邪褌褜	NONE		
taw猫n	now	褋械泄褔邪褋	tawaj	let's	写邪胁邪泄
tax		袟写械褋褜	tax	FUT	FUT
tax	go	懈写褌懈	ta艐x	want	褏芯褌械褌褜
taxa	leave	褍械褏邪褌褜	t膩rat	let.go	锌褍褋褌懈褌褜
taxt	loon	谐邪谐邪褉邪	NONE		
tax蓹	get.lost	写械褌褜褋褟	tax	FUT	FUT
ta桑	caulk	泻芯薪芯锌邪褌懈褌褜	tax	FUT	FUT
ta桑	branch	胁械褌泻邪	ta桑	branch	胁械褌泻邪
ta桑	caulk	泻芯薪芯锌邪褌懈褌褜	tax	FUT	FUT
ta桑ip	barrier	锌褉械谐褉邪写邪	NONE		
ta桑l	together	胁屑械褋褌械	NONE		
ta桑l	full	锌芯谢薪褘泄	t膩桑蓹l	full	锌芯谢薪褘泄
ta桑蓹l	filling	薪邪锌芯谢薪械薪懈械	t膩桑蓹l	full	锌芯谢薪褘泄
t膩rwit	weight	褌褟卸械褋褌褜	NONE		
te	food	械写邪	t膿	eat	械褋褌褜
te	eat	械褋褌褜	t膿	eat	械褋褌褜
te	eat	械褋褌褜	t膿	eat	械褋褌褜
tel	probably	薪邪胁械褉薪芯械	NONE		
tel	appear	锌芯褟胁懈褌褜褋褟	t奴l	bring.in	胁薪械褋褌懈
tel	grow	褉邪褋褌懈	t膿l	grow	褉邪褋褌懈
ten		3DU	NONE		
ten	eat	械褋褌褜	t膿	eat	械褋褌褜
tep蓹l	moose	谢芯褋褜	NONE		
ter蓹n	battle	斜懈褌胁邪	NONE		
tetal	hungry	谐芯谢芯写薪褘泄	NONE		
te桑	here	褋褞写邪	NONE		
ti		3DU	NONE		
ti		3SG	NONE		
ti		ADD	NONE		
ti		PTCL	NONE		
ti		PTCL1	NONE		
ti		PTCL2	NONE		
ti	this	褝褌芯	NONE		
tit	here	蟹写械褋褜	tot	there	褌邪屑
tit	here	褌褍褌	tot	there	褌邪屑
tit	mouth	褍褋褌褜械	NONE		
titt	base	芯褋薪芯胁邪薪懈械	NONE		
ti桑l	take.off	胁蟹谢械褌械褌褜	NONE		
ti桑l	fly.in	胁谢械褌械褌褜	NONE		
ti桑蓹ln蓹l	even	写邪卸械	NONE		
toll	tear	褉胁邪褌褜褋褟	tol	melt	褌邪褟褌褜
tolmat	shoot	胁褘褋褌褉械谢懈褌褜	NONE		
tol蓹桑	fishing.net	薪械胁芯写	toli桑	fishing.net	薪械胁芯写
tol桑	fishing.net	薪械胁芯写	toli桑	fishing.net	薪械胁芯写
tol桑	fishing.net	薪械胁芯写	toli桑	fishing.net	薪械胁芯写
tona	then	蟹邪褌械屑	t艒nt	then	褌芯谐写邪
tona	therefore	锌芯褌芯屑褍	t艒nt	then	褌芯谐写邪
tor	sky	薪械斜芯	t艒rum	sky	薪械斜芯
torew	bear	屑械写胁械写褜	t艒rew	bear	屑械写胁械写褜
tort	close	蟹邪泻褉褘褌褜	t膩rat	let.go	锌褍褋褌懈褌褜
torum		屑懈褉/斜芯谐	t艒rum	God	袘芯谐
tor蓹桑	across	薪邪锌褉芯褌懈胁	NONE		
tor桑	shake	褌褉褟褋褌懈褋褜	t艒r桑	shake	褌褉褟褋褌懈褋褜
tos	ski.skin	泻邪屑褍褋	NONE		
tot		3SG	tot	there	褌邪屑
tot		孝邪屑	tot	there	褌邪屑
tot	there	褌褍写邪	tot	there	褌邪屑
tot	lead	胁械褋褌懈	NONE		
touli	enough	写芯胁芯谢褜薪芯	t艒wl	be.enough	斜褘褌褜.写芯褋褌邪褌芯褔薪褘屑
tow	row	谐褉械褋褌懈	tow	row	谐褉械褋褌懈
tow	other	懈薪芯泄	t艒wa	some	薪械泻芯褌芯褉褘泄
towant	row	谐褉械褋褌懈	NONE		
towart	close	蟹邪泻褉褘褌褜	NONE		
towl	wing	泻褉褘谢芯	tow蓹l	wing	泻褉褘谢芯
towl	enough	褏胁邪褌懈褌	t艒wl	be.enough	斜褘褌褜.写芯褋褌邪褌芯褔薪褘屑
toxa	so	褌邪泻	tox	so	褌邪泻
tu		PTCL	NONE		
tui	summer	谢械褌芯	tuji	in.summer	谢械褌芯屑
tujim	fall.out	胁褘锌邪写邪褌褜	NONE		
tujt	sledge	褋邪薪懈	t奴jt	snow	褋薪械谐
tul'a	finger	锌邪谢械褑	NONE		
tulit		褌邪泄泻芯屑	t奴蓵t	set	锌芯褋褌邪胁懈褌褜
tulmax	wolverine	褉芯褋芯屑邪褏邪	t奴lmax	wolverine	褉芯褋芯屑邪褏邪
tulmax	wolverine	褉芯褋芯屑邪褏邪	t奴lmax	wolverine	褉芯褋芯屑邪褏邪
tum	entrance	胁褏芯写	NONE		
tumaj	think	写褍屑邪泄	tumajt	think	写褍屑邪褌褜
tumaj	idea	蟹邪写褍屑泻邪	tumajt	think	写褍屑邪褌褜
tumaj	why	锌芯褔械屑褍	tumajt	think	写褍屑邪褌褜
tumaj	advice	褋芯胁械褌	NONE		
tumaj	think	写褍屑邪褌褜	tumajt	think	写褍屑邪褌褜
tuml'	think	写褍屑邪褌褜	taml'e	such	褌邪泻芯泄
tup	only	褌芯谢褜泻芯	top	only	褌芯谢褜泻芯
tur		袨蟹械褉芯	t奴p	oar	胁械褋谢芯
tur	lake	芯蟹械褉芯	t奴r	lake	芯蟹械褉芯
turman	dark	褌械屑薪芯	turman	dark	褌械屑薪褘泄
turman	darken	褋褌械屑薪械褌褜	turman	dark	褌械屑薪褘泄
tuu	there	褌褍写邪	tuw	to.there	褌褍写邪
tuw		3SG	tuw蓹l	then	锌芯褌芯屑
tuw	fiber	胁芯谢芯泻薪芯	NONE		
tuw	there	褌邪屑	tuw	to.there	褌褍写邪
tuwl		袩芯褌芯屑	t奴l	bring.in	胁薪械褋褌懈
tuwl	and	懈	t奴l	bring.in	胁薪械褋褌懈
tuwl	then	锌芯褌芯屑	t奴l	bring.in	胁薪械褋褌懈
tuwl'e	there	褌褍写邪	tuw蓹l	from.there	芯褌褌褍写邪
tuwle	then	锌芯褌芯屑	tuw蓹l	then	锌芯褌芯屑
tuw蓹l		袩芯褌芯屑	tuw蓹l	from.there	芯褌褌褍写邪
tu蓵t	put	褋褌邪胁懈褌褜	t奴蓵t	set	锌芯褋褌邪胁懈褌褜
tu虋l	bring.in	胁薪械褋褌懈	t奴l	bring.in	胁薪械褋褌懈
tu虋p	only	褌芯谢褜泻芯	top	only	褌芯谢褜泻芯
t茅t	send	锌芯褋谢邪褌褜	NONE		
t膩		EMPH	tax	FUT	FUT
t膩l'ax	tip	胁械褉褏褍褕泻邪	tal'ax	tip	胁械褉褏褍褕泻邪
t膩rt	let.go	锌褍褋褌懈褌褜	t膩rat	let.go	锌褍褋褌懈褌褜
t膩桑at	hang	胁械褕邪褌褜	ta桑at	hang	胁械褕邪褌褜
t膿nki		2DU	NONE		
t奴p	only	褌芯谢褜泻芯	top	only	褌芯谢褜泻芯
t暖p	only	谢懈褕褜	top	only	褌芯谢褜泻芯
t蓹j	here	褋褞写邪	NONE		
t蓹st	mourn	谐芯褉械胁邪褌褜	NONE		
t蓹桑	here	褋褞写邪	ti桑蓹l	now	褋械泄褔邪褋
t蓹桑l	take.off	胁蟹谢械褌械褌褜	NONE		
t蓹桑蓹l	now	褋械泄褔邪褋	ti桑蓹l	now	褋械泄褔邪褋
t邪w		袨薪	t奴l	bring.in	胁薪械褋褌懈
uj	animal	卸懈胁芯褌薪芯械	奴j	animal	蟹胁械褉褜
uj	animal	蟹胁械褉褜	奴j	animal	蟹胁械褉褜
ul		2SG	NONE		
ul		PROH	NONE		
ul'	fire	芯谐芯薪褜	ul'a	fire	芯谐芯薪褜
ula	trap	谢芯胁褍褕泻邪	NONE		
ulta	across	褔械褉械蟹	奴ltta	across	褔械褉械蟹
ult蓹	across	褔械褉械蟹	奴ltta	across	褔械褉械蟹
ulum	dream	褋芯薪	奴lm	sleep	褋芯薪
ul蓹	praise	胁芯褋锌械胁邪薪懈械	NONE		
unl	sit	褋懈写械褌褜	奴nl	sit	褋懈写械褌褜
unl	sit	褋懈写械褌褜	奴nl	sit	褋懈写械褌褜
unt	sit	褋械褋褌褜	奴nt	sit.down	褋械褋褌褜
unt	sit	褋械褋褌褜	奴nt	sit.down	褋械褋褌褜
upa	brother.in.law	写械胁械褉褜	up	brother.in.law	写械胁械褉褜
upa	brother	斜褉邪褌	up	brother.in.law	写械胁械褉褜
upa	brother.in.law	写械胁械褉褜	up	brother.in.law	写械胁械褉褜
ur	way	褋锌芯褋芯斜	w膩r	do	写械谢邪褌褜
ure	way	褋锌芯褋芯斜	w膩r	do	写械谢邪褌褜
us		ADD	NONE		
us	town	谐芯褉芯写	奴s	town	谐芯褉芯写
us	step	褕邪谐邪褌褜	NONE		
ut	bark	谢邪褟褌褜	ut	thing	胁械褖褜
u蓵	stand	胁褋褌邪褌褜	NONE		
w	take	胁蟹褟褌褜	NONE		
w	see	胁懈写械褌褜	NONE		
wa	hero	斜芯谐邪褌褘褉褜	NONE		
waj		褔褍谢泻懈/泻懈褋褘	w膩	see	胁懈写械褌褜
want	load	谐褉褍蟹	NONE		
want	herd	褋褌邪写芯	NONE		
wantl	roam	泻芯褔械胁邪褌褜	w膩ntl	move	锌械褉械械褏邪褌褜
wantle	move	锌械褉械械褏邪褌褜	w膩ntl	move	锌械褉械械褏邪褌褜
waps	take	蟹褟褌褜	w膩ps	take	蟹褟褌褜
war		c写械谢邪褌褜	奴r	wait	卸写邪褌褜
war	do	写械谢邪褌褜	w膩r	do	写械谢邪褌褜
was	see	胁懈写械褌褜	w膩	see	胁懈写械褌褜
was蓹桑	more	斜芯谢褜褕械	NONE		
wat		30'	ut	thing	胁械褖褜
wat		3SG	ut	thing	胁械褖褜
wat	shore	斜械褉械谐	w膩ta	shore	斜械褉械谐
wat		褌褉懈写褑褌褜	ut	thing	胁械褖褜
wat	thirty	褌褉懈写褑邪褌褜	w膩t	thirty	褌褉懈写褑邪褌褜
wat'a	short	泻芯褉芯褌泻懈泄	w膩t'i	short	泻芯褉芯褌泻懈泄
wat'a	short	泻芯褉芯褌泻芯	w膩t'i	short	泻芯褉芯褌泻懈泄
wata	shore	斜械褉械谐	w膩ta	shore	斜械褉械谐
wata	trade	褌芯褉谐芯胁谢褟	NONE		
wati	short	泻芯褉芯褌泻懈泄	w膩t'i	short	泻芯褉芯褌泻懈泄
wati	short	泻芯褉芯褌泻芯	w膩t'i	short	泻芯褉芯褌泻懈泄
wa艐	see	胁懈写械褌褜	w膩	see	胁懈写械褌褜
wa艐	shoulder	锌谢械褔芯	w膩艐蓹n	shoulder	锌谢械褔芯
wa艐k	crawl	锌芯谢蟹褌懈	w膩艐k	crawl	锌芯谢蟹褌懈
wa艐n	shoulder	锌谢械褔芯	w膩艐蓹n	shoulder	锌谢械褔芯
wa桑	power	屑芯褖褜	w膩桑	strength	褋懈谢邪
wa桑	strength	褋懈谢邪	w膩桑	strength	褋懈谢邪
welat	hit	斜懈褌褜	worat	aim	褋褌褉械屑懈褌褜褋褟
werm	be.able	褋屑芯褔褜	w膿rm	be.able	屑芯褔褜
we蓵	beauty	泻褉邪褋芯褌邪	NONE		
wi	take	胁蟹褟褌褜	wi	take	胁蟹褟褌褜
win	wine	胁懈薪芯	w墨na	alcohol	邪谢泻芯谐芯谢褜
wit		袙芯写邪	ut	thing	胁械褖褜
wi桑ir	red	泻褉邪褋薪褘泄	w墨桑ir	red	泻褉邪褋薪褘泄
woj	take	斜褉邪褌褜	NONE		
woj	take	斜褉邪褌褜	NONE		
wojkan	light	褋胁械褌谢褘泄	wojkan	light	褋胁械褌谢褘泄
wor	forest	谢械褋	w艒r	forest	谢械褋
wor	power	屑芯褖褜	NONE		
wor	strength	褋懈谢邪	NONE		
wor	power	屑芯褖褜	NONE		
wos		OPT	w艒w	call	蟹胁邪褌褜
woss		OPT	NONE		
wow	call	蟹胁邪褌褜	w艒w	call	蟹胁邪褌褜
woww	ask	锌褉芯褋懈褌褜	w艒w	call	蟹胁邪褌褜
wo艐xa	pit	褟屑邪	w艒艐xa	pit	褟屑邪
wo蓵kas	throw.out	胁褘泻懈薪褍褌褜	wo蓵kas	throw	斜褉芯褋懈褌褜
wo蓵kas	dump	褋斜褉芯褋懈褌褜	NONE		
wo蓵lax	mud	谐褉褟蟹褜	NONE		
w膩t'a	short	泻芯褉芯褌泻芯	w膩t'i	short	泻芯褉芯褌泻懈泄
w艒艐x	pit	褟屑邪	w艒艐xa	pit	褟屑邪
w蓹桑蓹r	red	泻褉邪褋薪褘泄	w墨桑ir	red	泻褉邪褋薪褘泄
x		笑	NONE		
xajt	run	斜械谐	x膩jt	run	斜械卸邪褌褜
xajt	run	斜械谐	x膩jt	run	斜械卸邪褌褜
xajt	run	斜械谐邪褌褜	x膩jt	run	斜械卸邪褌褜
xajta	run	斜械卸邪褌褜	x膩jt	run	斜械卸邪褌褜
xal'	birch	斜械褉褢蟹邪	x膩l'	birch	斜械褉褢蟹邪
xalt	between	屑械卸写褍	xal	gap	锌褉芯屑械卸褍褌芯泻
xan	stick	锌褉懈谢懈锌薪褍褌褜	xan	glue	锌褉懈泻谢械懈褌褜
xan'i蓵t	teach	薪邪褍褔懈褌褜	xan'i蓵t	teach	薪邪褍褔懈褌褜
xansa	pattern	褍蟹芯褉	xansa	ornament	芯褉薪邪屑械薪褌
xant蓹	sulfur	褋械褉邪	NONE		
xan蓹lpatta	cavity	锌邪蟹褍褏邪	NONE		
xar	male	褋邪屑械褑	NONE		
xars	full.flowing	锌芯谢薪芯胁芯写薪褘泄	NONE		
xar蓹桑l	go.out	锌芯褌褍褏薪褍褌褜	xari桑l	go.out	锌芯褌褍褏薪褍褌褜
xas	write	锌懈褋邪褌褜	xans	write	锌懈褋邪褌褜
xas	tie	锌褉懈胁褟蟹邪褌褜	xas	tie	锌褉懈胁褟蟹邪褌褜
xas	drag	褌邪褖懈褌褜	NONE		
xax	climb	胁蟹芯斜褉邪褌褜褋褟	x膩艐x	climb	蟹邪谢械蟹褌褜
xa艐ra		锌芯写泻芯谢械薪芯泻	xara	sparse	褉械写泻懈泄
xa艐x	climb	胁蟹芯斜褉邪褌褜褋褟	x膩艐x	climb	蟹邪谢械蟹褌褜
xo	who	泻褌芯	NONE		
xo	who	泻褌芯	NONE		
xoj	achieve	写芯褋褌懈褔褜	x艒j	hit	锌芯锌邪褋褌褜
xoj	bump.into	褍写邪褉懈褌褜褋褟	x艒j	hit	锌芯锌邪褋褌褜
xoli	morning	褍褌褉械薪薪懈泄	xol	morning.frost	蟹邪屑芯褉芯蟹泻懈
xolit	tomorrow's	蟹邪胁褌褉邪褕薪懈泄	xolit	tomorrow	蟹邪胁褌褉邪
xolit	tomorrow's	蟹邪胁褌褉邪褕薪懈泄	xolit	tomorrow	蟹邪胁褌褉邪
xolitan	tomorrow	蟹邪胁褌褉邪	xolit	tomorrow	蟹邪胁褌褉邪
xomi	upside.down	薪邪胁蟹薪懈褔褜	xomi	face.down	薪懈褔泻芯屑
xon	tsar	褑邪褉褜	x艒n	tsar	褑邪褉褜
xon		褑邪褉褜[LAT]	x艒n	tsar	褑邪褉褜
xoni	upside.down	薪邪胁蟹薪懈褔褜	xomi	face.down	薪懈褔泻芯屑
xont	search	懈褋泻邪褌褜	x艒nt	find	薪邪泄褌懈
xop蓹lt	thunder	谐褉械屑械褌褜	NONE		
xos	length	写谢懈薪邪	xosa	long	写谢懈薪薪褘泄
xosa	long	写谢懈薪薪褘泄	xosa	long	写谢懈薪薪褘泄
xosa	far	写邪谢械泻芯	xosa	long	写谢懈薪薪褘泄
xosa		写邪谢械泻芯/写芯谢谐芯	xosa	long	写谢懈薪薪褘泄
xosa	long	写谢懈薪薪褘泄	xosa	long	写谢懈薪薪褘泄
xosa	long	写芯谢谐芯	xosa	long	写谢懈薪薪褘泄
xosit	by	锌芯	xosit	along	胁写芯谢褜
xotal	day	写械薪褜	x艒tal	day	写械薪褜
xotal	sun	褋芯谢薪褑械	x艒t蓹l	dawn	褉邪褋褋胁械褌邪褌褜
xotal	dawn	褉邪褋褋胁械褌邪褌褜	x艒t蓹l	dawn	褉邪褋褋胁械褌邪褌褜
xot蓹l	day	写械薪褜	x艒tal	day	写械薪褜
xuij	sleep	褋锌邪褌褜	NONE		
xuj	lie.down	谢芯卸懈褌褜褋褟	xuj	lie	谢械卸邪褌褜
xuj	sleep	褋锌邪褌褜	x奴l	spend.the.night	薪芯褔械胁邪褌褜
xuja	lie	谢械卸邪褌褜	xuj	lie	谢械卸邪褌褜
xujn'ut蓹l	sleep	褋锌邪褌褜	NONE		
xul	spend.the.night	薪芯褔械胁邪褌褜	x奴l	spend.the.night	薪芯褔械胁邪褌褜
xul'i桑l	surface	胁褋锌谢褘褌褜	NONE		
xul'm	zone	蟹芯薪邪	NONE		
xul't	stay	芯褋褌邪褌褜褋褟	xul't	stay	芯褋褌邪褌褜褋褟
xul't蓹s	stay	芯褋褌邪褌褜褋褟	xul't	stay	芯褋褌邪褌褜褋褟
xum	person	褔械谢芯胁械泻	xum	man	屑褍卸褔懈薪邪
xumi	man	屑褍卸褔懈薪邪	xum	man	屑褍卸褔懈薪邪
xumle	like	泻邪泻	xuml'e	how	泻邪泻
xumus	what.kind	泻邪泻芯泄	xuml'e	how	泻邪泻
xunt	scoop.out	胁褘褔械褉锌褘胁邪褌褜	xun	scoop	褔械褉锌邪褌褜
xunt	knapsack	泻芯褌芯屑泻邪	NONE		
xuntel	listen	褋谢褍褕邪褌褜	x奴ntl	listen	褋谢褍褕邪褌褜
xuntl	listen	褋谢褍褕邪褌褜	x奴ntl	listen	褋谢褍褕邪褌褜
xunt蓹l	listen	褋谢褍褕邪褌褜	x奴ntl	listen	褋谢褍褕邪褌褜
xur	shore	斜械褉械谐	x奴l	fish	褉褘斜邪
xur	shore	斜械褉械谐	x奴l	fish	褉褘斜邪
xuri	image	懈蟹芯斜褉邪卸械薪懈械	xuri	image	芯斜褉邪蟹
xuri	pattern	褍蟹芯褉	xuri	image	芯斜褉邪蟹
xurip	image	芯斜褉邪蟹	xuri	image	芯斜褉邪蟹
xurip	property	褋胁芯泄褋褌胁芯	NONE		
xuri桑	bag	屑械褕芯泻	x奴ri桑	sack	屑械褕芯泻
xurm	three	褌褉懈	x奴rum	three	褌褉懈
xurp	box	泻芯褉芯斜泻邪	xusap	box	泻芯褉芯斜泻邪
xurum	three	褌褉懈	x奴rum	three	褌褉懈
xur蓹m	three	褌褉懈	x奴rum	three	褌褉懈
xur蓹桑	bag	屑械褕芯泻	x奴ri桑	sack	屑械褕芯泻
xus	burn	卸械褔褜	NONE		
xu蓵	servant	褋谢褍谐邪	NONE		
x膩艐xt	drive	蟹邪谐薪邪褌褜	NONE		
x艒j	touch	泻邪褋邪褌褜褋褟	x艒j	hit	锌芯锌邪褋褌褜
x艒mi		EMPH	xoti	who	泻芯褌芯褉褘泄
x艒mi	face.down	薪懈褔泻芯屑	xomi	face.down	薪懈褔泻芯屑
x艒n	king	泻芯褉芯谢褜	x艒n	tsar	褑邪褉褜
x艒nt	fight	胁芯械胁邪褌褜	NONE		
x艒nt	find	薪邪褏芯写懈褌褜	x艒nt	find	薪邪泄褌懈
x艒s	length	写谢懈薪邪	xosa	long	写谢懈薪薪褘泄
x艒sa	long	写芯谢谐芯	xosa	long	写谢懈薪薪褘泄
x艒t	where	谐写械	x艒nt	find	薪邪泄褌懈
x艒艐	king	泻芯褉芯谢褜	x艒n	tsar	褑邪褉褜
x奴rm		孝褉懈	x奴rum	three	褌褉懈
x奴rum		孝褉懈	x奴rum	three	褌褉懈
x蓹l	dig	泻芯锌邪褌褜	xil	dig	泻芯锌邪褌褜
膩ni	dish	斜谢褞写芯	NONE		
膩ni	plate	褌邪褉械谢泻邪	NONE		
膩ran		袗褉邪薪	膩ra蓵	hearth	芯褔邪谐
膩se	father	芯褌械褑	NONE		
膩t'i		EX	膩t'i	NEG.PRED	NEG.PRED
膩t'i	no	薪械褌	膩t'i	NEG.PRED	NEG.PRED
膩艐kwal	trunk	褋褌胁芯谢	NONE		
膩蓵	father	芯褌械褑	膩蓵	father	芯褌械褑
膩蓵e	father	芯褌械褑	膩蓵	father	芯褌械褑
膿	hey	褝	e	hey	褝泄
膿l	forward	胁锌械褉械写	膿ln	ahead	胁锌械褉械写懈
膿la	forward	胁锌械褉械写	膿lal'	forward	胁锌械褉械写
膿rtt	moment	屑芯屑械薪褌	膿rt	during	胁芯.胁褉械屑褟
膿ti	night	薪芯褔褜	膿t	night	薪芯褔褜
墨ti	evening	胁械褔械褉	墨ti	at.night	薪芯褔褜褞
艐艒艐x	up	胁胁械褉褏	NONE		
艒		袞	NONE		
艒j	fall.asleep	蟹邪褋薪褍褌褜	oj	fall.asleep	蟹邪褋薪褍褌褜
艒l	live	卸懈褌褜	NONE		
艒n's	have	懈屑械褌褜	艒n'蓵	have	懈屑械褌褜
艒s	time	胁褉械屑褟	NONE		
艒s蓹艐	thick	褌芯谢褋褌褘泄	os蓹艐	thick	褌芯谢褋褌褘泄
艒xsar	fox	谢懈褋邪	oxsar	fox	谢懈褋邪
艒蓵a		3SG	NONE		
奴j	animals	蟹胁械褉懈	奴j	animal	蟹胁械褉褜
奴lum	dream	褋芯薪	奴lm	sleep	褋芯薪
奴nt	sit	褋懈写械褌褜	奴nt	sit.down	褋械褋褌褜
奴r	hold	写械褉卸邪褌褜	奴r	wait	卸写邪褌褜
蓵ai	tea	褔邪泄	蓵膩j	tea	褔邪泄
蓵akw	udder	胁褘屑褟	NONE		
蓵alt	enter	胁褏芯写懈褌褜	蓵alt	enter	胁芯泄褌懈
蓵alt	enter	蟹邪泄褌懈	蓵alt	enter	胁芯泄褌懈
蓵al蓹桑	silver	褋械褉械斜褉芯	NONE		
蓵an猫n		2DU	NONE		
蓵ar	most	褋邪屑褘泄	蓵ar	completely	褋芯胁褋械屑
蓵ar	most	褋邪屑褘泄	蓵ar	completely	褋芯胁褋械屑
蓵ar	completely	褋芯胁褋械屑	蓵ar	completely	褋芯胁褋械屑
蓵aras	sea	屑芯褉械	蓵膩r蓹蓵	sea	屑芯褉械
蓵aras	island	芯褋褌褉芯胁	NONE		
蓵ara蓵	sea	屑芯褉械	蓵膩r蓹蓵	sea	屑芯褉械
蓵ar蓹蓵	sea	屑芯褉械	蓵膩r蓹蓵	sea	屑芯褉械
蓵as	knees	泻芯谢械薪懈	NONE		
蓵axl	tangle	泻谢褍斜芯泻	NONE		
蓵axl	cloud	褌褍褔邪	蓵ax蓹l	cloud	褌褍褔邪
蓵axl	hill	褏芯谢屑	蓵ax蓹l	hill	褏芯谢屑
蓵ax蓹l	mountain	谐芯褉邪	蓵ax蓹l	hill	褏芯谢屑
蓵ax蓹l	spine	褏褉械斜械褌	蓵orxil	notch	蟹邪褉褍斜泻邪
蓵a艐k蓵	shrike	卸褍谢邪薪褔懈泻	NONE		
蓵ermat	reins	胁芯卸卸懈	蓵膿rmat	reins	胁芯卸卸懈
蓵etwert	quarter	褔械褌胁械褉褌褜	蓵膿twert'	quarter	褔械褌胁械褉褌褜
蓵iraj	sword	屑械褔	NONE		
蓵ol	power	屑芯谐褍褖械褋褌胁芯	NONE		
蓵op蓹r	thin	褌芯薪泻懈泄	NONE		
蓵orx蓹l	notch	蟹邪褉褍斜泻邪	蓵orxil	notch	蟹邪褉褍斜泻邪
蓵os	moment	屑芯屑械薪褌	蓵os	time	褉邪蟹
蓵un'	prosper	斜谢邪谐芯写械薪褋褌胁芯胁邪褌褜	蓵un'	be.well	蟹写褉邪胁褋褌胁芯胁邪褌褜
蓵un'	prosper	斜谢邪谐芯写械薪褋褌胁芯胁邪褌褜	蓵un'	be.well	蟹写褉邪胁褋褌胁芯胁邪褌褜
蓵uns	look	褋屑芯褌褉械褌褜	NONE		
蓵us	time	褉邪蟹	蓵os	time	褉邪蟹
蓵膩lt	enter	胁芯泄褌懈	蓵alt	enter	胁芯泄褌懈
